alert_id,timestamp,service_name,alert_type,severity,duration_minutes,resolved_by,resolution_action,on_call_engineer,related_incident_id
ALT-0001,2026-03-17T04:07:51Z,warehouse-api,memory,P3,7,auto,Pod restarted automatically,,
ALT-0002,2026-03-17T13:19:24Z,shipping-calculator,memory,P3,2,auto,Cache flushed,,
ALT-0003,2026-03-17T13:22:34Z,product-ingestion,disk,P3,5,auto,Volume expanded,,
ALT-0004,2026-03-17T18:19:43Z,billing-service,cpu,P3,5,auto,Pods auto-scaled,,
ALT-0005,2026-03-17T20:05:23Z,order-service,cpu,P2,14,manual,Runaway process killed,Alex Rivera,
ALT-0006,2026-03-17T22:08:28Z,catalog-search,memory,P4,28,escalated,JVM heap increased,Jordan Kim,
ALT-0007,2026-03-18T09:38:07Z,fulfillment-router,connection_pool,P3,50,manual,Pool size increased,Priya Patel,
ALT-0008,2026-03-18T11:17:08Z,product-ingestion,disk,P4,3,auto,Volume expanded,,
ALT-0009,2026-03-18T12:54:54Z,user-profile-service,cpu,P3,5,auto,Manual scaling applied,,
ALT-0010,2026-03-18T18:20:20Z,warehouse-api,connection_pool,P3,4,auto,Pool size increased,,
ALT-0011,2026-03-19T08:42:43Z,catalog-search,memory,P1,99,escalated,JVM heap increased,Sam Nguyen,
ALT-0012,2026-03-19T14:05:00Z,payment-gateway,error_rate,P3,146,manual,Config fix deployed,Alex Rivera,
ALT-0013,2026-03-19T14:12:00Z,shipping-calculator,latency,P4,2,auto,Slow query killed,,
ALT-0014,2026-03-19T14:18:00Z,warehouse-api,connection_pool,P4,11,manual,Idle connections reaped,Priya Patel,
ALT-0015,2026-03-19T18:49:37Z,catalog-search,cpu,P3,160,auto,Waited for batch job to complete,,
ALT-0016,2026-03-19T22:32:45Z,fulfillment-router,latency,P2,19,manual,Upstream dependency recovered,Marcus Chen,
ALT-0017,2026-03-20T01:39:11Z,billing-service,error_rate,P3,3,auto,Rate limiting applied,,
ALT-0018,2026-03-20T05:06:55Z,membership-api,memory,P4,11,escalated,OOM-killed pod replaced by scheduler,Priya Patel,
ALT-0019,2026-03-20T14:24:30Z,notification-service,latency,P4,7,manual,Circuit breaker tripped and reset,Alex Rivera,
ALT-0020,2026-03-20T14:26:18Z,catalog-search,latency,P3,66,escalated,Upstream dependency recovered,Sam Nguyen,
ALT-0021,2026-03-20T15:49:47Z,product-ingestion,disk,P4,226,manual,Log rotation triggered,Priya Patel,
ALT-0022,2026-03-20T17:34:40Z,fraud-detection,error_rate,P3,15,auto,Upstream service recovered,,
ALT-0023,2026-03-20T18:42:59Z,warehouse-api,disk,P4,5,auto,Log rotation triggered,,
ALT-0024,2026-03-20T23:25:39Z,user-auth,latency,P3,1,auto,Upstream dependency recovered,,
ALT-0025,2026-03-21T03:14:34Z,membership-api,connection_pool,P2,106,escalated,Service restarted,Alex Rivera,
ALT-0026,2026-03-21T10:18:18Z,warehouse-api,latency,P3,3,auto,Slow query killed,,
ALT-0027,2026-03-21T17:48:43Z,recommendation-engine,latency,P4,24,escalated,Upstream dependency recovered,Taylor Brooks,
ALT-0028,2026-03-21T18:39:54Z,warehouse-api,cpu,P4,8,auto,Traffic shifted to healthy instances,,
ALT-0029,2026-03-21T21:05:57Z,recommendation-engine,latency,P3,1,auto,CDN cache warmed,,
ALT-0030,2026-03-22T05:47:04Z,user-auth,latency,P4,1,auto,Connection pool expanded,,
ALT-0031,2026-03-22T07:45:01Z,inventory-api,cpu,P3,4,auto,Waited for batch job to complete,,
ALT-0032,2026-03-22T10:59:00Z,shipping-calculator,cpu,P3,3,auto,Traffic shifted to healthy instances,,
ALT-0033,2026-03-22T11:02:00Z,inventory-api,cpu,P3,2,auto,Manual scaling applied,,
ALT-0034,2026-03-22T11:02:00Z,product-ingestion,disk,P4,2,auto,Volume expanded,,
ALT-0035,2026-03-22T11:13:00Z,shipping-calculator,memory,P3,45,manual,OOM-killed pod replaced by scheduler,Alex Rivera,
ALT-0036,2026-03-22T11:28:24Z,shipping-calculator,cpu,P4,5,auto,Manual scaling applied,,
ALT-0037,2026-03-22T21:02:21Z,user-auth,error_rate,P3,98,auto,Rate limiting applied,,
ALT-0038,2026-03-22T21:23:34Z,inventory-api,latency,P4,141,manual,Connection pool expanded,Taylor Brooks,
ALT-0039,2026-03-23T00:39:29Z,inventory-api,error_rate,P3,2,auto,Rate limiting applied,,
ALT-0040,2026-03-23T03:04:07Z,order-service,cpu,P4,3,auto,Manual scaling applied,,
ALT-0041,2026-03-24T00:34:25Z,notification-service,connection_pool,P4,2,auto,Idle connections reaped,,
ALT-0042,2026-03-24T02:00:44Z,notification-service,cpu,P4,5,auto,Manual scaling applied,,
ALT-0043,2026-03-24T05:39:38Z,notification-service,error_rate,P4,5,auto,Bad deployment rolled back,,
ALT-0044,2026-03-24T07:11:51Z,fraud-detection,latency,P3,69,manual,Connection pool expanded,Taylor Brooks,
ALT-0045,2026-03-24T09:12:55Z,shipping-calculator,latency,P2,36,auto,Connection pool expanded,,
ALT-0046,2026-03-24T09:50:14Z,shipping-calculator,disk,P4,1,auto,Old snapshots pruned,,
ALT-0047,2026-03-24T14:22:25Z,product-ingestion,cpu,P4,5,auto,Manual scaling applied,,
ALT-0048,2026-03-24T18:03:48Z,user-auth,disk,P4,247,manual,Temp files cleaned,Alex Rivera,
ALT-0049,2026-03-24T23:42:29Z,inventory-api,memory,P4,4,auto,JVM heap increased,,
ALT-0050,2026-03-25T03:29:18Z,payment-gateway,error_rate,P4,1,auto,Rate limiting applied,,
ALT-0051,2026-03-25T10:49:50Z,user-auth,error_rate,P3,47,auto,Feature flag toggled off,,
ALT-0052,2026-03-25T12:41:57Z,notification-service,cpu,P4,50,auto,Pods auto-scaled,,
ALT-0053,2026-03-25T15:06:00Z,notification-service,latency,P4,14,manual,Connection pool expanded,Alex Rivera,
ALT-0054,2026-03-25T15:21:00Z,membership-api,error_rate,P4,45,manual,Rate limiting applied,Sam Nguyen,
ALT-0055,2026-03-25T15:30:00Z,notification-service,connection_pool,P4,15,auto,Slow queries killed,,
ALT-0056,2026-03-25T19:21:10Z,billing-service,connection_pool,P3,48,auto,Connection timeout reduced,,
ALT-0057,2026-03-25T23:17:08Z,notification-service,connection_pool,P4,2,auto,Slow queries killed,,
ALT-0058,2026-03-26T00:56:15Z,payment-gateway,cpu,P2,23,manual,Manual scaling applied,Alex Rivera,
ALT-0059,2026-03-26T01:39:28Z,fulfillment-router,latency,P3,13,manual,Circuit breaker tripped and reset,Sam Nguyen,
ALT-0060,2026-03-26T03:47:45Z,warehouse-api,connection_pool,P3,4,auto,Service restarted,,
ALT-0061,2026-03-26T16:16:19Z,recommendation-engine,disk,P3,2,auto,Volume expanded,,
ALT-0062,2026-03-26T18:21:28Z,fraud-detection,error_rate,P3,3,auto,Rate limiting applied,,
ALT-0063,2026-03-26T23:18:36Z,user-auth,error_rate,P3,5,auto,Feature flag toggled off,,
ALT-0064,2026-03-27T09:02:01Z,product-ingestion,disk,P4,2,auto,Volume expanded,,
ALT-0065,2026-03-27T10:31:12Z,order-service,latency,P4,15,auto,CDN cache warmed,,
ALT-0066,2026-03-27T18:09:00Z,user-auth,latency,P2,44,escalated,Slow query killed,Jordan Kim,
ALT-0067,2026-03-27T18:41:34Z,notification-service,disk,P4,11,auto,Log rotation triggered,,
ALT-0068,2026-03-28T05:38:22Z,warehouse-api,cpu,P3,2,auto,Waited for batch job to complete,,
ALT-0069,2026-03-28T11:02:00Z,shipping-calculator,disk,P4,15,manual,Old snapshots pruned,Alex Rivera,
ALT-0070,2026-03-28T11:16:23Z,membership-api,cpu,P2,49,auto,Manual scaling applied,,
ALT-0071,2026-03-28T11:34:00Z,user-profile-service,memory,P4,12,escalated,Memory leak patched,Sam Nguyen,
ALT-0072,2026-03-28T11:36:00Z,user-profile-service,cpu,P3,105,escalated,Pods auto-scaled,Alex Rivera,
ALT-0073,2026-03-28T11:43:00Z,inventory-api,disk,P3,32,auto,Volume expanded,,
ALT-0074,2026-03-28T14:05:21Z,product-ingestion,memory,P3,3,auto,Cache flushed,,
ALT-0075,2026-03-28T21:13:31Z,order-service,memory,P3,203,escalated,JVM heap increased,Marcus Chen,
ALT-0076,2026-03-29T02:43:23Z,fulfillment-router,error_rate,P3,18,escalated,Upstream service recovered,Priya Patel,
ALT-0077,2026-03-29T07:54:18Z,notification-service,latency,P4,4,auto,Slow query killed,,
ALT-0078,2026-03-29T16:44:28Z,inventory-api,memory,P4,141,auto,OOM-killed pod replaced by scheduler,,
ALT-0079,2026-03-29T18:52:13Z,notification-service,connection_pool,P4,55,auto,Idle connections reaped,,
ALT-0080,2026-03-29T20:00:15Z,order-service,error_rate,P2,13,escalated,Rate limiting applied,Jordan Kim,
ALT-0081,2026-03-29T20:13:42Z,notification-service,disk,P4,2,auto,Temp files cleaned,,
ALT-0082,2026-03-30T04:27:43Z,product-ingestion,cpu,P4,8,auto,Traffic shifted to healthy instances,,
ALT-0083,2026-03-30T09:52:34Z,product-ingestion,disk,P4,2,auto,Volume expanded,,
ALT-0084,2026-03-30T13:55:15Z,catalog-search,cpu,P3,19,escalated,Runaway process killed,Sam Nguyen,
ALT-0085,2026-03-30T14:39:29Z,product-ingestion,disk,P4,64,auto,Volume expanded,,
ALT-0086,2026-03-30T21:20:36Z,notification-service,memory,P4,3,auto,OOM-killed pod replaced by scheduler,,
ALT-0087,2026-03-30T21:26:25Z,recommendation-engine,error_rate,P2,111,manual,Upstream service recovered,Taylor Brooks,INC-2026-009
ALT-0088,2026-03-30T22:39:53Z,order-service,latency,P3,103,manual,Upstream dependency recovered,Priya Patel,
ALT-0089,2026-03-31T02:24:06Z,fraud-detection,cpu,P4,16,manual,Traffic shifted to healthy instances,Sam Nguyen,
ALT-0090,2026-03-31T07:58:07Z,catalog-search,cpu,P4,264,escalated,Pods auto-scaled,Sam Nguyen,
ALT-0091,2026-03-31T11:50:33Z,membership-api,disk,P3,87,manual,Archive job run manually,Alex Rivera,
ALT-0092,2026-03-31T13:23:43Z,payment-gateway,latency,P4,196,auto,CDN cache warmed,,
ALT-0093,2026-03-31T23:02:36Z,notification-service,disk,P3,1,auto,Log rotation triggered,,
ALT-0094,2026-04-01T01:39:53Z,membership-api,memory,P2,61,escalated,OOM-killed pod replaced by scheduler,Alex Rivera,
ALT-0095,2026-04-01T02:18:56Z,billing-service,error_rate,P3,16,auto,Upstream service recovered,,
ALT-0096,2026-04-01T14:05:00Z,catalog-search,cpu,P3,28,manual,Waited for batch job to complete,Marcus Chen,
ALT-0097,2026-04-01T14:17:00Z,order-service,memory,P3,5,auto,JVM heap increased,,
ALT-0098,2026-04-01T14:17:00Z,product-ingestion,memory,P3,5,auto,JVM heap increased,,
ALT-0099,2026-04-01T14:34:00Z,order-service,latency,P3,4,auto,CDN cache warmed,,
ALT-0100,2026-04-01T14:38:00Z,catalog-search,cpu,P4,233,auto,Waited for batch job to complete,,
ALT-0101,2026-04-01T18:42:36Z,notification-service,connection_pool,P4,177,auto,Slow queries killed,,
ALT-0102,2026-04-01T18:52:06Z,order-service,latency,P3,19,escalated,Upstream dependency recovered,Taylor Brooks,
ALT-0103,2026-04-02T01:57:29Z,user-auth,error_rate,P4,21,escalated,Feature flag toggled off,Alex Rivera,
ALT-0104,2026-04-02T03:24:44Z,recommendation-engine,cpu,P3,52,manual,Manual scaling applied,Taylor Brooks,
ALT-0105,2026-04-02T07:54:12Z,recommendation-engine,latency,P3,102,auto,Slow query killed,,
ALT-0106,2026-04-02T10:13:34Z,billing-service,error_rate,P1,72,manual,Rate limiting applied,Taylor Brooks,
ALT-0107,2026-04-02T13:10:21Z,product-ingestion,cpu,P3,53,auto,Waited for batch job to complete,,
ALT-0108,2026-04-02T16:08:02Z,fraud-detection,connection_pool,P1,6,manual,Connection timeout reduced,Sam Nguyen,INC-2026-010
ALT-0109,2026-04-02T18:45:16Z,notification-service,disk,P3,22,auto,Log rotation triggered,,
ALT-0110,2026-04-03T13:20:07Z,membership-api,error_rate,P3,26,auto,Upstream service recovered,,
ALT-0111,2026-04-03T13:30:35Z,inventory-api,cpu,P4,13,auto,Runaway process killed,,
ALT-0112,2026-04-03T14:27:24Z,warehouse-api,memory,P4,117,auto,Memory leak patched,,
ALT-0113,2026-04-04T00:29:36Z,notification-service,error_rate,P3,33,auto,Feature flag toggled off,,
ALT-0114,2026-04-04T03:18:16Z,warehouse-api,latency,P4,57,manual,Connection pool expanded,Marcus Chen,
ALT-0115,2026-04-04T05:15:51Z,catalog-search,latency,P3,118,auto,Slow query killed,,
ALT-0116,2026-04-04T05:39:31Z,user-auth,cpu,P4,9,auto,Waited for batch job to complete,,
ALT-0117,2026-04-04T06:51:47Z,billing-service,error_rate,P2,332,escalated,Feature flag toggled off,Marcus Chen,
ALT-0118,2026-04-04T10:08:00Z,shipping-calculator,cpu,P2,14,auto,Manual scaling applied,,INC-2026-012
ALT-0119,2026-04-04T10:17:00Z,shipping-calculator,error_rate,P3,77,auto,Feature flag toggled off,,
ALT-0120,2026-04-04T10:28:00Z,fulfillment-router,disk,P4,50,manual,Log rotation triggered,Alex Rivera,
ALT-0121,2026-04-04T10:34:00Z,user-profile-service,error_rate,P2,8,auto,Rate limiting applied,,
ALT-0122,2026-04-04T10:44:00Z,warehouse-api,disk,P3,12,escalated,Archive job run manually,Sam Nguyen,
ALT-0123,2026-04-04T10:44:00Z,shipping-calculator,memory,P3,4,auto,Memory leak patched,,
ALT-0124,2026-04-04T14:54:36Z,product-ingestion,memory,P4,2,auto,Memory leak patched,,
ALT-0125,2026-04-04T15:22:02Z,catalog-search,latency,P2,29,auto,Connection pool expanded,,
ALT-0126,2026-04-04T18:07:44Z,shipping-calculator,error_rate,P4,3,auto,Config fix deployed,,
ALT-0127,2026-04-04T22:22:02Z,billing-service,connection_pool,P4,99,manual,Idle connections reaped,Jordan Kim,
ALT-0128,2026-04-05T06:25:04Z,membership-api,cpu,P4,23,manual,Pods auto-scaled,Taylor Brooks,
ALT-0129,2026-04-05T07:01:04Z,user-auth,connection_pool,P4,7,auto,Slow queries killed,,
ALT-0130,2026-04-05T22:41:05Z,product-ingestion,latency,P4,4,auto,CDN cache warmed,,
ALT-0131,2026-04-06T05:16:00Z,billing-service,error_rate,P2,56,escalated,Rate limiting applied,Marcus Chen,
ALT-0132,2026-04-06T07:54:51Z,product-ingestion,cpu,P4,54,manual,Pods auto-scaled,Taylor Brooks,
ALT-0133,2026-04-06T14:21:20Z,user-profile-service,error_rate,P3,79,manual,Feature flag toggled off,Jordan Kim,
ALT-0134,2026-04-06T19:37:22Z,shipping-calculator,memory,P4,5,auto,JVM heap increased,,
ALT-0135,2026-04-06T21:39:14Z,inventory-api,disk,P4,1,auto,Temp files cleaned,,
ALT-0136,2026-04-08T00:15:40Z,user-auth,error_rate,P3,16,escalated,Bad deployment rolled back,Sam Nguyen,
ALT-0137,2026-04-08T00:39:05Z,inventory-api,memory,P3,8,escalated,JVM heap increased,Priya Patel,
ALT-0138,2026-04-08T01:21:18Z,billing-service,connection_pool,P3,9,escalated,Slow queries killed,Priya Patel,
ALT-0139,2026-04-08T04:34:33Z,notification-service,cpu,P4,14,auto,Traffic shifted to healthy instances,,
ALT-0140,2026-04-08T08:17:31Z,product-ingestion,latency,P4,2,auto,Upstream dependency recovered,,
ALT-0141,2026-04-08T09:37:32Z,user-profile-service,connection_pool,P3,67,manual,Service restarted,Alex Rivera,
ALT-0142,2026-04-08T15:40:00Z,order-service,connection_pool,P2,71,manual,Service restarted,Jordan Kim,
ALT-0143,2026-04-08T16:15:00Z,membership-api,error_rate,P1,105,manual,Upstream service recovered,Jordan Kim,INC-2026-004
ALT-0144,2026-04-08T19:44:49Z,inventory-api,cpu,P3,16,auto,Pods auto-scaled,,
ALT-0145,2026-04-08T22:23:25Z,notification-service,cpu,P4,13,manual,Manual scaling applied,Alex Rivera,
ALT-0146,2026-04-09T07:00:41Z,payment-gateway,latency,P4,45,manual,CDN cache warmed,Jordan Kim,
ALT-0147,2026-04-09T11:18:55Z,membership-api,latency,P4,13,escalated,Slow query killed,Alex Rivera,
ALT-0148,2026-04-09T16:30:00Z,fraud-detection,connection_pool,P1,295,escalated,Pool size increased,Alex Rivera,
ALT-0149,2026-04-09T19:07:34Z,notification-service,cpu,P4,7,escalated,Runaway process killed,Sam Nguyen,
ALT-0150,2026-04-10T09:51:47Z,notification-service,connection_pool,P4,1,auto,Idle connections reaped,,
ALT-0151,2026-04-10T11:04:00Z,product-ingestion,memory,P2,5,auto,Cache flushed,,
ALT-0152,2026-04-10T11:12:00Z,product-ingestion,disk,P4,4,auto,Log rotation triggered,,
ALT-0153,2026-04-10T11:44:00Z,notification-service,latency,P4,4,auto,Slow query killed,,
ALT-0154,2026-04-10T12:53:07Z,notification-service,latency,P3,5,auto,CDN cache warmed,,
ALT-0155,2026-04-10T17:30:02Z,fraud-detection,latency,P4,149,manual,Connection pool expanded,Jordan Kim,
ALT-0156,2026-04-10T19:33:39Z,warehouse-api,latency,P4,15,manual,Slow query killed,Marcus Chen,
ALT-0157,2026-04-11T05:03:59Z,payment-gateway,latency,P3,71,auto,Connection pool expanded,,
ALT-0158,2026-04-11T13:55:21Z,order-service,error_rate,P1,24,escalated,Upstream service recovered,Jordan Kim,INC-2026-001
ALT-0159,2026-04-11T16:15:38Z,user-profile-service,cpu,P4,360,manual,Pods auto-scaled,Taylor Brooks,
ALT-0160,2026-04-12T04:25:19Z,notification-service,connection_pool,P4,1,auto,Slow queries killed,,
ALT-0161,2026-04-12T08:11:16Z,notification-service,latency,P2,4,auto,Connection pool expanded,,INC-2026-007
ALT-0162,2026-04-12T14:15:00Z,shipping-calculator,cpu,P4,1,auto,Traffic shifted to healthy instances,,
ALT-0163,2026-04-12T14:19:01Z,fulfillment-router,latency,P2,19,manual,Connection pool expanded,Alex Rivera,
ALT-0164,2026-04-12T14:25:00Z,warehouse-api,disk,P4,5,auto,Volume expanded,,
ALT-0165,2026-04-12T14:33:00Z,membership-api,memory,P4,334,escalated,Pod restarted automatically,Marcus Chen,
ALT-0166,2026-04-12T14:35:00Z,user-auth,cpu,P2,9,auto,Waited for batch job to complete,,
ALT-0167,2026-04-12T14:45:00Z,payment-gateway,error_rate,P3,137,escalated,Feature flag toggled off,Jordan Kim,
ALT-0168,2026-04-12T16:54:32Z,order-service,cpu,P1,15,manual,Pods auto-scaled,Taylor Brooks,
ALT-0169,2026-04-12T17:32:42Z,catalog-search,error_rate,P3,92,manual,Upstream service recovered,Taylor Brooks,
ALT-0170,2026-04-12T17:46:36Z,user-auth,memory,P3,41,manual,Cache flushed,Priya Patel,
ALT-0171,2026-04-12T18:42:54Z,catalog-search,cpu,P4,80,manual,Manual scaling applied,Sam Nguyen,
ALT-0172,2026-04-12T23:31:01Z,shipping-calculator,disk,P4,9,auto,Temp files cleaned,,
ALT-0173,2026-04-13T01:55:16Z,shipping-calculator,connection_pool,P4,14,auto,Idle connections reaped,,
ALT-0174,2026-04-13T06:02:28Z,product-ingestion,disk,P4,4,auto,Archive job run manually,,
ALT-0175,2026-04-13T06:17:44Z,inventory-api,error_rate,P4,57,manual,Rate limiting applied,Sam Nguyen,
ALT-0176,2026-04-13T06:23:46Z,inventory-api,cpu,P4,8,escalated,Traffic shifted to healthy instances,Marcus Chen,
ALT-0177,2026-04-13T09:03:32Z,billing-service,memory,P4,26,manual,Pod restarted automatically,Sam Nguyen,
ALT-0178,2026-04-13T09:40:50Z,catalog-search,error_rate,P4,25,manual,Rate limiting applied,Jordan Kim,
ALT-0179,2026-04-13T11:21:14Z,notification-service,disk,P3,6,auto,Archive job run manually,,
ALT-0180,2026-04-13T13:01:07Z,product-ingestion,connection_pool,P2,4,auto,Connection timeout reduced,,INC-2026-011
ALT-0181,2026-04-13T15:43:11Z,warehouse-api,memory,P4,6,auto,Memory leak patched,,
ALT-0182,2026-04-13T23:13:01Z,product-ingestion,latency,P4,96,auto,CDN cache warmed,,
ALT-0183,2026-04-14T03:15:08Z,shipping-calculator,memory,P3,3,auto,Memory leak patched,,
ALT-0184,2026-04-14T04:07:57Z,catalog-search,error_rate,P4,19,manual,Feature flag toggled off,Priya Patel,
ALT-0185,2026-04-14T08:03:44Z,order-service,latency,P4,187,escalated,Connection pool expanded,Sam Nguyen,
ALT-0186,2026-04-14T09:03:42Z,order-service,latency,P3,116,manual,Connection pool expanded,Jordan Kim,
ALT-0187,2026-04-14T13:34:56Z,notification-service,cpu,P2,19,auto,Traffic shifted to healthy instances,,INC-2026-007
ALT-0188,2026-04-14T14:55:06Z,product-ingestion,connection_pool,P4,3,auto,Pool size increased,,
ALT-0189,2026-04-14T16:13:00Z,shipping-calculator,disk,P3,5,auto,Temp files cleaned,,
ALT-0190,2026-04-14T16:15:00Z,product-ingestion,cpu,P4,2,auto,Waited for batch job to complete,,
ALT-0191,2026-04-14T16:30:00Z,fulfillment-router,latency,P2,227,escalated,Connection pool expanded,Priya Patel,
ALT-0192,2026-04-14T16:31:00Z,fraud-detection,disk,P4,18,manual,Log rotation triggered,Alex Rivera,
ALT-0193,2026-04-14T16:38:00Z,product-ingestion,disk,P4,8,auto,Volume expanded,,
ALT-0194,2026-04-15T00:45:47Z,inventory-api,cpu,P3,3,auto,Waited for batch job to complete,,
ALT-0195,2026-04-15T08:40:40Z,inventory-api,cpu,P3,124,manual,Pods auto-scaled,Taylor Brooks,
ALT-0196,2026-04-15T09:02:16Z,product-ingestion,latency,P4,71,manual,Slow query killed,Taylor Brooks,
ALT-0197,2026-04-15T15:05:16Z,product-ingestion,disk,P3,4,auto,Temp files cleaned,,
ALT-0198,2026-04-15T18:51:52Z,membership-api,error_rate,P3,5,auto,Rate limiting applied,,
ALT-0199,2026-04-15T20:39:05Z,warehouse-api,cpu,P4,224,auto,Manual scaling applied,,
ALT-0200,2026-04-15T21:07:36Z,order-service,error_rate,P3,14,manual,Rate limiting applied,Alex Rivera,
